{
    "evaluation_frequency": {
        "frequency": 1,
        "period": "epoch"
    },
    "test": {
        "Schluss": {
            "loss": [
                230039.625,
                193048.5,
                160683.140625
            ],
            "mean_absolute_error": [
                364.6564636230469,
                310.18426513671875,
                266.1331481933594
            ],
            "mean_absolute_percentage_error": [
                1.4513872861862183,
                0.9264265298843384,
                0.849976122379303
            ],
            "mean_squared_error": [
                230039.65625,
                193048.484375,
                160683.15625
            ],
            "r2": [
                -1.358377456665039,
                -0.9791423082351685,
                -0.6473313570022583
            ],
            "root_mean_squared_error": [
                479.6244812011719,
                439.3728332519531,
                400.85302734375
            ],
            "root_mean_squared_percentage_error": [
                1.568611741065979,
                0.9313211441040039,
                0.8997235894203186
            ]
        },
        "combined": {
            "loss": [
                236410.828125,
                199137.875,
                166477.421875
            ]
        }
    },
    "training": {
        "Schluss": {
            "loss": [
                234035.15625,
                188120.234375,
                156003.75
            ],
            "mean_absolute_error": [
                389.4841613769531,
                325.68280029296875,
                276.8547668457031
            ],
            "mean_absolute_percentage_error": [
                1.8478807210922241,
                1.197561264038086,
                0.8015532493591309
            ],
            "mean_squared_error": [
                234035.125,
                188120.203125,
                156003.78125
            ],
            "r2": [
                -1.8488366603851318,
                -1.2899272441864014,
                -0.8989839553833008
            ],
            "root_mean_squared_error": [
                483.7717590332031,
                433.728271484375,
                394.97314453125
            ],
            "root_mean_squared_percentage_error": [
                2.1429386138916016,
                1.232567310333252,
                0.8368080854415894
            ]
        },
        "combined": {
            "loss": [
                232283.34375,
                186838.046875,
                155542.125
            ]
        }
    },
    "validation": {
        "Schluss": {
            "loss": [
                179105.09375,
                146235.875,
                118171.71875
            ],
            "mean_absolute_error": [
                327.55303955078125,
                273.1458435058594,
                234.12281799316406
            ],
            "mean_absolute_percentage_error": [
                1.5668659210205078,
                0.9106966853141785,
                0.9040288925170898
            ],
            "mean_squared_error": [
                179105.09375,
                146235.875,
                118171.71875
            ],
            "r2": [
                -1.4808337688446045,
                -1.0255532264709473,
                -0.6368288993835449
            ],
            "root_mean_squared_error": [
                423.2080993652344,
                382.4079895019531,
                343.7611389160156
            ],
            "root_mean_squared_percentage_error": [
                1.7157095670700073,
                0.9168891310691833,
                0.9771714806556702
            ]
        },
        "combined": {
            "loss": [
                182902.203125,
                149803.015625,
                121498.1875
            ]
        }
    }
}