{
    "evaluation_frequency": {
        "frequency": 1,
        "period": "epoch"
    },
    "test": {
        "Schluss": {
            "loss": [
                223.44264221191406,
                221.31544494628906,
                219.1983184814453,
                217.091552734375,
                214.9951629638672,
                212.90875244140625,
                210.8324432373047,
                208.7665252685547,
                206.7101593017578,
                204.66419982910156,
                202.62940979003906,
                200.60450744628906,
                198.58953857421875,
                196.5845947265625,
                194.589599609375
            ],
            "mean_absolute_error": [
                14.93652629852295,
                14.865248680114746,
                14.793968200683594,
                14.722691535949707,
                14.651424407958984,
                14.58014965057373,
                14.508872032165527,
                14.437602043151855,
                14.366311073303223,
                14.295027732849121,
                14.22377872467041,
                14.152522087097168,
                14.081254005432129,
                14.00998306274414,
                13.938702583312988
            ],
            "mean_absolute_percentage_error": [
                1.372946858406067,
                1.3663941621780396,
                1.359841227531433,
                1.3532886505126953,
                1.346737027168274,
                1.3401846885681152,
                1.3336321115493774,
                1.3270803689956665,
                1.3205262422561646,
                1.3139731884002686,
                1.3074232339859009,
                1.3008724451065063,
                1.2943207025527954,
                1.2877687215805054,
                1.281216025352478
            ],
            "mean_squared_error": [
                223.44264221191406,
                221.31544494628906,
                219.1983184814453,
                217.091552734375,
                214.9951629638672,
                212.90875244140625,
                210.8324432373047,
                208.7665252685547,
                206.7101593017578,
                204.66419982910156,
                202.62940979003906,
                200.60450744628906,
                198.5895233154297,
                196.5845947265625,
                194.589599609375
            ],
            "r2": [
                -1228.65380859375,
                -1216.9473876953125,
                -1205.29638671875,
                -1193.702392578125,
                -1182.1654052734375,
                -1170.6834716796875,
                -1159.257080078125,
                -1147.8878173828125,
                -1136.5712890625,
                -1125.3118896484375,
                -1114.114013671875,
                -1102.9705810546875,
                -1091.881591796875,
                -1080.8480224609375,
                -1069.869140625
            ],
            "root_mean_squared_error": [
                14.947998046875,
                14.87667465209961,
                14.805347442626953,
                14.734026908874512,
                14.662713050842285,
                14.59139347076416,
                14.52007007598877,
                14.448755264282227,
                14.377418518066406,
                14.306089401245117,
                14.234795570373535,
                14.163492202758789,
                14.092179298400879,
                14.020862579345703,
                13.94953727722168
            ],
            "root_mean_squared_percentage_error": [
                1.3729510307312012,
                1.3664026260375977,
                1.359853744506836,
                1.3533055782318115,
                1.3467581272125244,
                1.3402099609375,
                1.3336615562438965,
                1.3271138668060303,
                1.3205641508102417,
                1.31401526927948,
                1.3074694871902466,
                1.3009228706359863,
                1.2943754196166992,
                1.287827491760254,
                1.2812789678573608
            ]
        },
        "combined": {
            "loss": [
                226.7606201171875,
                224.60316467285156,
                222.45590209960938,
                220.3191375732422,
                218.19290161132812,
                216.0767822265625,
                213.97088623046875,
                211.87554931640625,
                209.78988647460938,
                207.71475219726562,
                205.65093994140625,
                203.59716796875,
                201.55343627929688,
                199.5198974609375,
                197.49642944335938
            ]
        }
    },
    "training": {
        "Schluss": {
            "loss": [
                223.29025268554688,
                205.44654846191406,
                200.1832275390625,
                207.4063262939453,
                209.97030639648438,
                172.61569213867188,
                205.22879028320312,
                204.72515869140625,
                194.58042907714844,
                197.0122528076172,
                203.993408203125,
                203.35910034179688,
                198.1366729736328,
                188.90496826171875,
                186.52517700195312
            ],
            "mean_absolute_error": [
                14.927213668823242,
                14.285799980163574,
                14.08288288116455,
                14.344059944152832,
                14.439859390258789,
                13.105464935302734,
                14.267732620239258,
                14.234652519226074,
                13.896169662475586,
                13.980363845825195,
                14.259754180908203,
                14.229732513427734,
                14.016575813293457,
                13.685248374938965,
                13.603734970092773
            ],
            "mean_absolute_percentage_error": [
                1.3740378618240356,
                1.3679885864257812,
                1.3619333505630493,
                1.355945348739624,
                1.3499534130096436,
                1.3409000635147095,
                1.3351746797561646,
                1.3291563987731934,
                1.3230602741241455,
                1.3170855045318604,
                1.308516025543213,
                1.3025147914886475,
                1.2964071035385132,
                1.2902497053146362,
                1.2842228412628174
            ],
            "mean_squared_error": [
                223.29025268554688,
                205.446533203125,
                200.1832275390625,
                207.4062957763672,
                209.9702911376953,
                172.61569213867188,
                205.22879028320312,
                204.72515869140625,
                194.58041381835938,
                197.0122528076172,
                203.993408203125,
                203.35910034179688,
                198.1366729736328,
                188.90496826171875,
                186.52517700195312
            ],
            "r2": [
                -899.27685546875,
                -280.4999694824219,
                -200.52392578125,
                -231.97903442382812,
                -262.9652404785156,
                -360.78717041015625,
                -221.36158752441406,
                -172.32513427734375,
                -229.2432403564453,
                -218.19683837890625,
                -538.9398803710938,
                -400.8617248535156,
                -200.35037231445312,
                -194.8470001220703,
                -211.27137756347656
            ],